<?xml version="1.0" encoding="UTF-8"?>
<!DOCTYPE mapper PUBLIC "-//mybatis.org//DTD Mapper 3.0//EN" "http://mybatis.org/dtd/mybatis-3-mapper.dtd">
<mapper namespace="BoardMapper">
	<select id="list" resultType="bvo">
		select * from board order by bno desc
	</select>
	<insert id="regi" parameterType="bvo">
		insert into board (title,writer,content,image_file) values (#{title},#{writer},#{content},#{image_file})
	</insert>
	<select id="detail" parameterType="int" resultType="bvo">
		select * from board where bno = #{bno}
	</select>
	<select id="checkModify" parameterType="bvo" resultType="bvo">
		select * from board where bno = #{bno} and writer = #{writer}
	</select>
	<update id="modify" parameterType="bvo">
		update board set title = #{title}, content = #{content} where writer = #{writer} and bno = #{bno}
	</update>
	<update id="updateView" parameterType="bvo">
		update board set read_count = #{read_count} where bno = #{bno}
	</update>
	<delete id="delete" parameterType="int">
		delete from board where bno = #{bno}
	</delete>
	<select id="cnt" resultType="int">
		select count(bno) from board;
	</select>
	<select id="pagingList" parameterType="pgvo" resultType="bvo">
		select bno, title, writer, reg_date, read_count, image_file from board order by bno desc
		limit #{pageStart}, #{qty}
	</select>
	<select id="myList" parameterType="String" resultType="bvo">
		select bno, title, writer, reg_date, read_count from board join member2 on writer = id where writer = #{id}
	</select>
</mapper>