<?xml version="1.0" encoding="UTF-8"?>
<!DOCTYPE mapper PUBLIC "-//mybatis.org//DTD Mapper 3.0//EN" "http://mybatis.org/dtd/mybatis-3-mapper.dtd">
<mapper namespace="CommentMapper">
	<insert id="add" parameterType="cvo">
		insert into comment (bno, writer, content) values (#{bno}, #{writer}, #{content})
	</insert>
	<select id="list" parameterType="int" resultType="cvo">
		select * from comment where bno = #{bno}
	</select>
	<delete id="del" parameterType="int">
		delete from comment where cno = #{cno}
	</delete>
	<update id="mod" parameterType="cvo">
		update comment set content = #{content} where cno = #{cno}
	</update>
</mapper>