<?xml version="1.0" encoding="UTF-8"?>
<!DOCTYPE mapper PUBLIC "-//mybatis.org//DTD Mapper 3.0//EN" "http://mybatis.org/dtd/mybatis-3-mapper.dtd">
<mapper namespace="MemberMapper">
	<insert id="signup" parameterType="mvo">
		insert into member2 (id, pwd, nick_name) values (#{id},#{pwd},#{nick_name})
	</insert>
	<select id="login" parameterType="mvo" resultType="mvo">
		select * from member2 where id = #{id} and pwd = #{pwd}
	</select>
	<update id="modify" parameterType="mvo">
		update member2 set pwd = #{pwd}, nick_name = #{nick_name} where id = #{id}
	</update>
	<delete id="withdraw" parameterType="String">
		delete from member2 where id = #{id}
	</delete>
	<update id="lastLogin" parameterType="String">
		update member2 set last_login = now() where id = #{id}
	</update>
</mapper>